Kanal;Betreiber/Host;Abonnenten;YouTube;E-Mail;Weitere Kontakte;Themen
Chnopfloch;Chnopfloch (CH);97.000;https://www.youtube.com/@Chnopfloch;chnopfloch@protonmail.com;https://t.me/chnopflochkanal | chnopfloch.ch;Geschichte, alternative Weltbilder, Schweiz
dieZuversicht;Flo;98.700;https://www.youtube.com/@dieZuversicht;– (keine öffentliche E-Mail);https://t.me/dieZuversicht | odysee.com/@zuversicht;Spiritualität, Gesundheit, Geschichte
NuoViso;Frank Höfer / Robert Stein;275.000;https://www.youtube.com/@NuoVisoTv;support@nuoviso.tv;Tel. 0341-3034320 | nuoflix.de/kontakt;Alternative Medien, Talks (Stein-Zeit)
NuoFlix;NuoViso-Team;158.000;https://www.youtube.com/@nuoflix;support@nuoviso.tv;nuoflix.de;Zweitkanal NuoViso
Stein-Zeit (Archiv);Robert Stein;111.000;https://www.youtube.com/@stein-zeit2355;support@nuoviso.tv (über NuoViso);nuoflix.de;Interviews, Grenzwissen
Daniele Ganser;Dr. Daniele Ganser (CH);506.000;https://www.youtube.com/@DanieleGanserOffiziell;daniele.ganser@siper.ch;danieleganser.ch/kontakt | t.me/DanieleGanser;Geopolitik, Frieden, Energie
SchrangTV;Heiko Schrang;172.000;https://www.youtube.com/@SchrangTV;kontakt@eev-sonne.de;heikoschrang.de | Tel. +49 33397 686693;Gesellschaft, Spiritualität
ExoMagazinTV;Robert Fleischer;149.000;https://www.youtube.com/@ExoMagazinTV;– (Kontaktformular exomagazin.tv);t.me/ExoMagazin | instagram.com/exomagazintv;Exopolitik, UFOs, Grenzwissen
Hoss & Hopf;Philip Hopf / Kiarash Hossainpour;418.000;https://www.youtube.com/@hoss_und_hopf;info@hossundhopf.de;hossundhopf.de;Finanzen, Politik, Gesellschaft
Jasmin Kosubek;Jasmin Kosubek;352.000;https://www.youtube.com/@JasminKosubekOriginal;kontakt@jasminkosubek.de / info@jasminkosubek.de;t.me/jasminkosubek | instagram.com/jasminkosubek;Interviews, Gesellschaft
Punkt.PRERADOVIC;Milena Preradovic;157.000;https://www.youtube.com/@punkt.preradovic3208;info@punkt-preradovic.com;facebook.com/punktpreradovic;Interviews, Politik
Hallo Meinung;Peter Weber;176.000;https://www.youtube.com/@HalloMeinung;kontakt@hallo-meinung.de;facebook.com/hallomeinung;Politik, Gesellschaft
BITTEL TV;Roger Bittel (CH);49.500;https://www.youtube.com/@bittel_tv;info@bittel.tv;t.me/bitteltv | bittel.tv;Politik, Gesellschaft
Stefan Magnet;Stefan Magnet (AT);59.100;https://www.youtube.com/@StefanMagnet;office@medienlogistik.at;Tel. +43 732 272069;Dokus, Politik
Manova;Manova Magazin;68.000;https://www.youtube.com/@Manova_Magazin;geschaeftsfuehrung@manova.news;t.me/ManovaMagazin | Tel. +49 6131 2107982;Gesellschaft, Frieden, Bewusstsein
NachDenkSeiten;Albrecht Müller / Team;191.000;https://www.youtube.com/@nachdenkseiten745;redaktion@nachdenkseiten.de (Impressum prüfen);Tel. +49 6343 9269865;Politik, Medienkritik
eingeSCHENKt.tv;Jens Fischer Rodrian / Team;170.000;https://www.youtube.com/@eingeSCHENKTtv;redaktion@eingeschenkt.tv;eingeschenkt.tv;Interviews, Gesellschaft
LION Media;LION Media;211.000;https://www.youtube.com/@LIONMediaNews;lion.media@web.de;patreon.com/LIONMedia;News, Politik
Eva Herman;Eva Herman;80.100;https://www.youtube.com/@EvaHermanOffiziell;info@eva-herman.net;eva-herman.net;Gesellschaft, Medien
Samuel Eckert;Samuel Eckert;74.400;https://www.youtube.com/@SEyoutube;kontakt@samueleckert.net;t.me/samueleckert;Gesellschaft, Gesundheit
Wissensmanufaktur;Andreas Popp / Rico Albrecht;207.000;https://www.youtube.com/@wissensmanufaktur;kontakt@wissensmanufaktur.net;wissensmanufaktur.net;Wirtschaft, Geldsystem
Fair Talk;Team Fair Talk;250.000;https://www.youtube.com/@FAIRTALKTV;hello@fairtalk.tv;fairtalk.tv/kontakt;Diskussionsrunden
QS24;QS24 Schweizer Gesundheitsfernsehen;392.000;https://www.youtube.com/@QS24;kontakt@qs24.tv;qs24.tv;Gesundheit, Ganzheitlichkeit
MYSTICA Magazin;Mystica.tv;151.000;https://www.youtube.com/@mysticatv;info@mystica.tv;mystica.tv/kontakt;Spiritualität, Grenzwissen
Dieter Broers;Dieter Broers;139.000;https://www.youtube.com/@dieterbroersnow;team@dieterbroers.com / kontakt@dieter-broers.de;dieterbroers.com/kontakt;Bewusstsein, Wissenschaft, Spiritualität
Christina von Dreien;Christina von Dreien (CH);165.000;https://www.youtube.com/@Christina-Von-Dreien;kontakt@christinavondreien.com;christinavondreien.com;Spiritualität
BETZ BEWEGT;Robert Betz;272.000;https://www.youtube.com/@RobertBetzTV;info@robert-betz.de;robert-betz.com;Persönlichkeitsentwicklung, Spiritualität
Pierre Franckh;Pierre Franckh;140.000;https://www.youtube.com/@PierreFranckh;hallo@michaela-merten.de;Tel. +49 89 69804377 | happinesshouse.de;Wünschen, Glück, Spiritualität
Ruediger Dahlke;Dr. Ruediger Dahlke (AT);44.400;https://www.youtube.com/@RuedigerDahlke;info@dahlke.at;tamanga.at;Gesundheit, Psychosomatik
Gerald Hüther;Prof. Gerald Hüther;78.000;https://www.youtube.com/@GeraldHuether-original;– (nur Kontaktformular);gerald-huether.de/kontakt;Hirnforschung, Potentialentfaltung
Ulrike Guérot;Prof. Ulrike Guérot;64.400;https://www.youtube.com/@UlrikeGuérot-Official;kontakt@ulrike-guerot.de;ulrike-guerot.de/kontakt;Politik, Europa
Frank Köstler;Frank Köstler;28.100;https://www.youtube.com/@frankkoestler1510;Frank.Koestler@protonmail.com;t.me/FrankKoestler | frankkoestler.net/kontakt;Spiritualität, Gesellschaft
Jo Conrad / Bewusst.TV;Jo Conrad;10.100;https://www.youtube.com/@joconrad3789;info@bewusst.tv;bewusst.tv;Bewusstsein, Grenzwissen
Hangar18b;Hangar18b (CH);46.400;https://www.youtube.com/@Hangar18b;– (Kontaktformular);hangar18b.com/kontakt;UFOs, Mystery
Ignaz Bearth;Ignaz Bearth (CH);157.000;https://www.youtube.com/@IgnazBearthSchweiz;bearth-holdener@hotmail.com;t.me/ignazbearth | ignazbearth.com/kontakt;Politik, Auswandern
